-- seed_data.sql

TRUNCATE TABLE inventory, locations, products CASCADE;

INSERT INTO products (product_uuid, name, price, weight) VALUES
('a1111111-1111-1111-1111-111111111111', 'Carbon Fiber UAV Frame', 150.00, 1.25),
('a2222222-2222-2222-2222-222222222222', 'Pixhawk 6C Flight Controller', 220.50, 0.05),
('a3333333-3333-3333-3333-333333333333', '6S 5000mAh LiPo Battery', 85.99, 0.82),
('a4444444-4444-4444-4444-444444444444', 'Brushless Motor 900KV', 35.00, 0.15);


INSERT INTO locations (location_uuid, name, city, address, coordinates) VALUES
('b1111111-1111-1111-1111-111111111111', 'Campus', 'Sakarya', 'Serdivan', ST_SetSRID(ST_MakePoint(40.74233947760474, 30.325684477305586), 4326)::geography),
('b2222222-2222-2222-2222-222222222222', 'Starbucks', 'Sakarya', 'Serdivan', ST_SetSRID(ST_MakePoint(40.74812711925493, 30.352717381158847), 4326)::geography),
('b3333333-3333-3333-3333-333333333333', 'Mavi Durak', 'Sakarya', 'Serdivan', ST_SetSRID(ST_MakePoint(40.76187479278386, 30.361481939576002), 4326)::geography),
('b4444444-4444-4444-4444-444444444444', 'Train Station', 'Sakarya', 'Adapazari', ST_SetSRID(ST_MakePoint(40.774629189246916, 30.400436066295864), 4326)::geography),
('b5555555-5555-5555-5555-555555555555', 'Lake', 'Sakarya', 'Sapanca', ST_SetSRID(ST_MakePoint(40.695283564249294, 30.27148763983899), 4326)::geography);


INSERT INTO inventory (product_uuid, location_uuid, qty_available, qty_reserved, qty_damaged) VALUES
('a1111111-1111-1111-1111-111111111111', 'b1111111-1111-1111-1111-111111111111', 50, 5, 0),  -- Frames
('a2222222-2222-2222-2222-222222222222', 'b1111111-1111-1111-1111-111111111111', 30, 0, 1),  -- Flight Controllers
('a3333333-3333-3333-3333-333333333333', 'b1111111-1111-1111-1111-111111111111', 100, 20, 2), -- Batteries

('a1111111-1111-1111-1111-111111111111', 'b2222222-2222-2222-2222-222222222222', 120, 10, 0), -- Frames
('a1111111-1111-1111-1111-111111111111', 'b3333333-3333-3333-3333-333333333333', 20, 5, 0),  -- Frames
('a3333333-3333-3333-3333-333333333333', 'b4444444-4444-4444-4444-444444444444', 100, 20, 2), -- Batteries

('a1111111-1111-1111-1111-111111111111', 'b5555555-5555-5555-5555-555555555555', 20, 10, 0), -- Frames
('a2222222-2222-2222-2222-222222222222', 'b3333333-3333-3333-3333-333333333333', 10, 0, 1),  -- Flight Controllers

('a4444444-4444-4444-4444-444444444444', 'b2222222-2222-2222-2222-222222222222', 400, 50, 5); -- Motors